Year,Link,Table Title,Category,Rank,Player,Country,MATCH RECORD,Prize,Team Link,PokÃ©mon 1,PokÃ©mon 2,PokÃ©mon 3,PokÃ©mon 4,PokÃ©mon 5,PokÃ©mon 6,Forms 1,Forms 2,Forms 3,Forms 4,Forms 5,Forms 6
2009,https://www.vgcpedia.com/2009-pokemon-world-championships/,Table 1,Junior/Senior,1,Jeremiah FanğŸ‡ºğŸ‡¸,,â€“,,,Toxicroak,Ludicolo,Kingdra,Metagross,Vaporeon,Slowbro,Toxicroak,Ludicolo,Kingdra,Metagross,Vaporeon,Slowbro
2009,https://www.vgcpedia.com/2009-pokemon-world-championships/,Table 1,Junior/Senior,1,Kazuyuki TsujiğŸ‡¯ğŸ‡µ,,5-0,,,Toxicroak,Salamence,Ludicolo,Metagross,Empoleon,Snorlax,Toxicroak,Salamence,Ludicolo,Metagross,Empoleon,Snorlax
2009,https://www.vgcpedia.com/2009-pokemon-world-championships/,Table 1,Junior/Senior,2,Santa ItoğŸ‡¯ğŸ‡µ,,â€“,,,Latios,Metagross,Gyarados,Garchomp,Arcanine,Absol,Latios,Metagross,Gyarados,Garchomp,Arcanine,Absol
2009,https://www.vgcpedia.com/2009-pokemon-world-championships/,Table 1,Junior/Senior,2,Tasuku ManoğŸ‡¯ğŸ‡µ,,4-1,,,Zapdos,Moltres,Rhyperior,Hippowdon,Yanmega,Shedinja,Zapdos,Moltres,Rhyperior,Hippowdon,Yanmega,Shedinja
2009,https://www.vgcpedia.com/2009-pokemon-world-championships/,Table 1,Junior/Senior,3,Steven WasserloosğŸ‡ºğŸ‡¸,,4-1,,,Zapdos,Ludicolo,Metagross,Kingdra,Scizor,Gyarados,Zapdos,Ludicolo,Metagross,Kingdra,Scizor,Gyarados
2009,https://www.vgcpedia.com/2009-pokemon-world-championships/,Table 1,Junior/Senior,4,Grace BeckğŸ‡ºğŸ‡¸,,4-1,,,Ludicolo,Kingdra,Abomasnow,Slowking,Vaporeon,Lapras,Ludicolo,Kingdra,Abomasnow,Slowking,Vaporeon,Lapras
2010,https://www.vgcpedia.com/2010-pokemon-world-championships/,Table 1,Junior/Senior,1,Ray RizzoğŸ‡ºğŸ‡¸,,â€“,,,Kyogre,Groudon,Dialga,Ludicolo,Hariyama,Cresselia,Kyogre,Groudon,Dialga,Ludicolo,Hariyama,Cresselia
2010,https://www.vgcpedia.com/2010-pokemon-world-championships/,Table 1,Junior/Senior,1,Shota YamamotoğŸ‡¯ğŸ‡µ,,â€“,,,Groudon,Palkia,Ho-oh,Ludicolo,Cherrim,Cresselia,Groudon,Palkia,Ho-Oh,Ludicolo,Cherrim,Cresselia
2010,https://www.vgcpedia.com/2010-pokemon-world-championships/,Table 1,Junior/Senior,2,Santa ItoğŸ‡¯ğŸ‡µ,,â€“,,,Kyogre,Dialga,Giratina,Ludicolo,Toxicroak,Cresselia,Kyogre,Dialga,Giratina,Ludicolo,Toxicroak,Cresselia
2010,https://www.vgcpedia.com/2010-pokemon-world-championships/,Table 1,Junior/Senior,2,Yasuki TochigiğŸ‡¯ğŸ‡µ,,â€“,,,Kyogre,Palkia,Lugia,Ludicolo,Tyranitar,Infernape,Kyogre,Palkia,Lugia,Ludicolo,Tyranitar,Infernape
2010,https://www.vgcpedia.com/2010-pokemon-world-championships/,Table 1,Junior/Senior,3,Isao YoshiokağŸ‡¯ğŸ‡µ,,â€“,,,Kyogre,Groudon,Dialga,Ludicolo,Tyranitar,Cresselia,Kyogre,Groudon,Dialga,Ludicolo,Tyranitar,Cresselia
2010,https://www.vgcpedia.com/2010-pokemon-world-championships/,Table 1,Junior/Senior,4,Wataru OnishiğŸ‡¯ğŸ‡µ,,â€“,,,Kyogre,Groudon,Dialga,Snorlax,Togekiss,Cresselia,Kyogre,Groudon,Dialga,Snorlax,Togekiss,Cresselia
2010,https://www.vgcpedia.com/2010-pokemon-world-championships/,Table 1,Junior/Senior,5,Huy HağŸ‡ºğŸ‡¸,,â€“,,,Groudon,Dialga,Mewtwo,Abomasnow,Jumpluff,Parasect,Groudon,Dialga,Mewtwo,Abomasnow,Jumpluff,Parasect
2010,https://www.vgcpedia.com/2010-pokemon-world-championships/,Table 1,Junior/Senior,6,Takushi MorushimağŸ‡¯ğŸ‡µ,,â€“,,,Kyogre,Groudon,Lanturn,Rotom,Togekiss,Cresselia,Kyogre,Groudon,Lanturn,Rotom mow,Togekiss,Cresselia
2010,https://www.vgcpedia.com/2010-pokemon-world-championships/,Table 1,Junior/Senior,7,Alan SchambersğŸ‡ºğŸ‡¸,,â€“,,,Groudon,Palkia,Ho-oh,Abomasnow,Latios,Tyranitar,Groudon,Palkia,Ho-Oh,Abomasnow,Latios,Tyranitar
2010,https://www.vgcpedia.com/2010-pokemon-world-championships/,Table 1,Junior/Senior,8,Ryan SchambersğŸ‡ºğŸ‡¸,,â€“,,,Palkia,Mewtwo,Ho-oh,Abomasnow,Toxicroak,Giratina,Palkia,Mewtwo,Ho-Oh,Abomasnow,Toxicroak,Giratina
2011,https://www.vgcpedia.com/2011-pokemon-world-championships/,Table 1,Junior/Senior,1,Brian HoughğŸ‡ºğŸ‡¸,,â€“,,,Thundurus,Terrakion,Hydreigon,Musharna,Amoonguss,Mienshao,Thundurus,Terrakion,Hydreigon,Musharna,Amoonguss,Mienshao
2011,https://www.vgcpedia.com/2011-pokemon-world-championships/,Table 1,Junior/Senior,1,Kamran JahadiğŸ‡ºğŸ‡¸,,â€“,,,Thundurus,Tornadus,Terrakion,Jellicent,Chandelure,Amoonguss,Thundurus,Tornadus,Terrakion,Jellicent,Chandelure,Amoonguss
2011,https://www.vgcpedia.com/2011-pokemon-world-championships/,Table 1,Junior/Senior,2,Ian MclaughinğŸ‡ºğŸ‡¸,,â€“,,,Terrakion,Whimsicott,Zoroark,Jellicent,Chandelure,Amoonguss,Terrakion,Whimsicott,Zoroark,Jellicent,Chandelure,Amoonguss
2011,https://www.vgcpedia.com/2011-pokemon-world-championships/,Table 1,Junior/Senior,2,Sejun ParkğŸ‡°ğŸ‡·,,â€“,,,Thundurus,Tornadus,Conkeldurr,Scrafty,Chandelure,Amoonguss,Thundurus,Tornadus,Conkeldurr,Scrafty,Chandelure,Amoonguss
2011,https://www.vgcpedia.com/2011-pokemon-world-championships/,Table 1,Junior/Senior,3,Enosh SacharğŸ‡ºğŸ‡¸,,â€“,,,Thundurus,Tornadus,Terrakion,Jellicent,Hydreigon,Amoonguss,Thundurus,Tornadus,Terrakion,Jellicent,Hydreigon,Amoonguss
2011,https://www.vgcpedia.com/2011-pokemon-world-championships/,Table 1,Junior/Senior,4,Shota YamamotoğŸ‡¯ğŸ‡µ,,â€“,,,Thundurus,Landorus,Jellicent,Scrafty,Hydreigon,Amoonguss,Thundurus,Landorus,Jellicent,Scrafty,Hydreigon,Amoonguss
2011,https://www.vgcpedia.com/2011-pokemon-world-championships/,Table 1,Junior/Senior,4,Shota YamamotoğŸ‡¯ğŸ‡µ,,â€“,,,Thundurus,Landorus,Jellicent,Scrafty,Hydreigon,Amoonguss,Thundurus,Landorus,Jellicent,Scrafty,Hydreigon,Amoonguss
2011,https://www.vgcpedia.com/2011-pokemon-world-championships/,Table 2,Masters,1,Ray RizzoğŸ‡ºğŸ‡¸,,â€“,,,Thundurus,Terrakion,Conkeldurr,Hydreigon,Gothitelle,Escavalier,Thundurus,Terrakion,Conkeldurr,Hydreigon,Gothitelle,Escavalier
2011,https://www.vgcpedia.com/2011-pokemon-world-championships/,Table 2,Masters,2,Matteo GiniğŸ‡®ğŸ‡¹,,â€“,,,Thundurus,Tornadus,Scrafty,Haxorus,Krookodile,Eelektross,Thundurus,Tornadus,Scrafty,Haxorus,Krookodile,Eelektross
2011,https://www.vgcpedia.com/2011-pokemon-world-championships/,Table 2,Masters,3,Matthew CoyleğŸ‡ºğŸ‡¸,,â€“,,,Thundurus,Tornadus,Scrafty,Terrakion,Chandelure,Samurott,Thundurus,Tornadus,Scrafty,Terrakion,Chandelure,Samurott
2011,https://www.vgcpedia.com/2011-pokemon-world-championships/,Table 2,Masters,4,RubÃ©n PuigğŸ‡ªğŸ‡¸,,â€“,,,Thundurus,Tornadus,Scrafty,Jellicent,Terrakion,Amoonguss,Thundurus,Tornadus,Scrafty,Jellicent,Terrakion,Amoonguss
2011,https://www.vgcpedia.com/2011-pokemon-world-championships/,Table 2,Masters,5,Daniel NolanğŸ‡¬ğŸ‡§,,â€“,,,Tornadus,Krookodile,Terrakion,Jellicent,Beheeyem,Amoonguss,Tornadus,Krookodile,Terrakion,Jellicent,Beheeyem,Amoonguss
2011,https://www.vgcpedia.com/2011-pokemon-world-championships/,Table 2,Masters,6,Wolfe GlickğŸ‡ºğŸ‡¸,,â€“,,,Thundurus,Scrafty,Conkeldurr,Reuniclus,Cofagrigus,Emboar,Thundurus,Scrafty,Conkeldurr,Reuniclus,Cofagrigus,Emboar
2011,https://www.vgcpedia.com/2011-pokemon-world-championships/,Table 2,Masters,7,Francesco PardiniğŸ‡®ğŸ‡¹,,â€“,,,Thundurus,Tornadus,Scrafty,Haxorus,Eelektross,Krookodile,Thundurus,Tornadus,Scrafty,Haxorus,Eelektross,Krookodile
2011,https://www.vgcpedia.com/2011-pokemon-world-championships/,Table 2,Masters,8,Albert BosğŸ‡ªğŸ‡¸,,â€“,,,Thundurus,Tornadus,Scrafty,Jellicent,Haxorus,Amoonguss,Thundurus,Tornadus,Scrafty,Jellicent,Haxorus,Amoonguss
2012,https://www.vgcpedia.com/2012-pokemon-world-championships/ ,Table 1,Junior/Senior,1,Toler WebbğŸ‡ºğŸ‡¸,,7-2,,,Ludicolo,Metagross,Rotom,Cresselia,Garchomp,Hydreigon,Ludicolo,Metagross,Rotom Heat,Cresselia,Garchomp,Hydreigon
2012,https://www.vgcpedia.com/2012-pokemon-world-championships/,Table 1,Junior/Senior,2,Brian HoughğŸ‡ºğŸ‡¸,,â€“,,,Hitmontop,Tyranitar,Metagross,Hydreigon,Rotom,Sableye,Hitmontop,Tyranitar,Metagross,Hydreigon,Rotom Wash,Sableye
2012,https://www.vgcpedia.com/2012-pokemon-world-championships/,Table 1,Junior/Senior,2,Jaime MartinezğŸ‡ªğŸ‡¸,,â€“,,,Thundurus,Hitmontop,Tyranitar,Metagross,Swampert,Latios,Thundurus,Hitmontop,Tyranitar,Metagross,Swampert,Latios
2012,https://www.vgcpedia.com/2012-pokemon-world-championships/,Table 1,Junior/Senior,3,Brendan ZhengğŸ‡ºğŸ‡¸,,â€“,,,Thundurus,Hitmontop,Tyranitar,Garchomp,Scizor,Cresselia,Thundurus,Hitmontop,Tyranitar,Garchomp,Scizor,Cresselia
2012,https://www.vgcpedia.com/2012-pokemon-world-championships/,Table 1,Junior/Senior,3,Nitesh ManemğŸ‡¨ğŸ‡¦,,â€“,,,Metagross,Gastrodon,Heatran,Cresselia,Gyarados,Amoonguss,Metagross,Gastrodon,Heatran,Cresselia,Gyarados,Amoongus
2012,https://www.vgcpedia.com/2012-pokemon-world-championships/,Table 1,Junior/Senior,4,Henry MaxonğŸ‡ºğŸ‡¸,,â€“,,,Thundurus,Hitmontop,Tyranitar,Volcarona,Excadrill,Latios,Thundurus,Hitmontop,Tyranitar,Volcarona,Excadrill,Latios
2012,https://www.vgcpedia.com/2012-pokemon-world-championships/,Table 1,Junior/Senior,5,Kamran JahadiğŸ‡ºğŸ‡¸,,â€“,,,Thundurus,Hitmontop,Tyranitar,Cresselia,Garchomp,Scizor,Thundurus,Hitmontop,Tyranitar,Cresselia,Garchomp,Scizor
2012,https://www.vgcpedia.com/2012-pokemon-world-championships/,Table 1,Junior/Senior,6,Gavin MichaelsğŸ‡ºğŸ‡¸,,â€“,,,Tyranitar,Zapdos,Gallade,Bronzong,Jellicent,Amoonguss,Tyranitar,Zapdos,Gallade,Bronzong,Jellicent,Amoongus
2012,https://www.vgcpedia.com/2012-pokemon-world-championships/,Table 1,Junior/Senior,8,*Santa ItoğŸ‡¯ğŸ‡µ,,â€“,,,Politoed,Infernape,Latios,Latios,,,Politoed,Infernape,Latios,Latios,,
2012,https://www.vgcpedia.com/2012-pokemon-world-championships/ ,Table 2,Masters,1,Ray RizzoğŸ‡ºğŸ‡¸,,9-0,,,Tyranitar,Metagross,Rotom,Cresselia,Garchomp,Hydreigon,Tyranitar,Metagross,Rotom Wash,Cresselia,Garchomp,Hydreigon
2012,https://www.vgcpedia.com/2012-pokemon-world-championships/,Table 2,Masters,3,Abel SanzğŸ‡ªğŸ‡¸,,â€“,,,Thundurus,Hitmontop,Tyranitar,Metagross,Cresselia,Latios,Thundurus,Hitmontop,Tyranitar,Metagross,Cresselia,Latios
2012,https://www.vgcpedia.com/2012-pokemon-world-championships/,Table 2,Masters,5,Sejun ParkğŸ‡°ğŸ‡·,,â€“,,,Thundurus,Hitmontop,Bisharp,Cresselia,Hydreigon,Garchomp,Thundurus,Hitmontop,Bisharp,Cresselia,Hydreigon,Garchomp
2012,https://www.vgcpedia.com/2012-pokemon-world-championships/,Table 2,Masters,6,Matthew CoyleğŸ‡ºğŸ‡¸,,â€“,,,Thundurus,Politoed,Ludicolo,Chandelure,Scizor,Latios,Thundurus,Politoed,Ludicolo,Chandelure,Scizor,Latios
2012,https://www.vgcpedia.com/2012-pokemon-world-championships/,Table 2,Masters,7,Guillermo CastillağŸ‡ªğŸ‡¸,,â€“,,,Thundurus,Hitmontop,Tyranitar,Swampert,Latios,Scizor,Thundurus,Hitmontop,Tyranitar,Swampert,Latios,Scizor
2012,https://www.vgcpedia.com/2012-pokemon-world-championships/,Table 2,Masters,8,Jumpei YamamotoğŸ‡¯ğŸ‡µ,,â€“,,,Tyranitar,Salamence,Metagross,Rotom,Cresselia,Garchomp,Tyranitar,Salamence,Metagross,Rotom Wash,Cresselia,Garchomp
2012,https://www.vgcpedia.com/2012-pokemon-world-championships/,Table 1,Junior/Senior,1,Abram BurrowsğŸ‡ºğŸ‡¸,,9-0,,,Thundurus,Landorus,Hitmontop,Tyranitar,Volcarona,Cloyster,Thundurus,Landorus,Hitmontop,Tyranitar,Volcarona,Cloyster
2012,https://www.vgcpedia.com/2012-pokemon-world-championships/,Table 1,Junior/Senior,4,Kippei TakakiğŸ‡¯ğŸ‡µ,,â€“,,,Hitmontop,Tyranitar,Metagross,Zapdos,Gastrodon,Cresselia,Hitmontop,Tyranitar,Metagross,Zapdos,Gastrodon,Cresselia
2012,https://www.vgcpedia.com/2012-pokemon-world-championships/,Table 1,Junior/Senior,7,Aaron ZhengğŸ‡ºğŸ‡¸,,â€“,,,Thundurus,Hitmontop,Terrakion,Heatran,Exeggutor,Cresselia,Thundurus,Hitmontop,Terrakion,Heatran,Exeggutor,Cresselia
2012,https://www.vgcpedia.com/2012-pokemon-world-championships/,Table 2,Masters,2,Wolfe GlickğŸ‡ºğŸ‡¸,,â€“,,,Thundurus,Hitmontop,Terrakion,Heatran,Exeggutor,Cresselia,Thundurus,Hitmontop,Terrakion,Heatran,Exeggutor,Cresselia
2012,https://www.vgcpedia.com/2012-pokemon-world-championships/,Table 2,Masters,4,Joe PulkowskiğŸ‡ºğŸ‡¸,,â€“,,,Tyranitar,Salamence,Excadrill,Rotom,Gastrodon,Cresselia,Tyranitar,Salamence,Excadrill,Rotom Heat,Gastrodon,Cresselia
2013,https://www.vgcpedia.com/2013-pokemon-world-championships/,Table 1,Junior/Senior,1,Brendan ZhengğŸ‡ºğŸ‡¸,,9-0,,,Rotom,Heatran,Escavalier,Conkeldurr,Cresselia,Jellicent,Rotom Wash,Heatran,Escavalier,Conkeldurr,Cresselia,Jellicent
2013,https://www.vgcpedia.com/2013-pokemon-world-championships/,Table 1,Junior/Senior,1,Hayden McTavishğŸ‡ºğŸ‡¸,,7-2,,,Thundurus,Rotom,Heatran,Machamp,Cresselia,Scizor,Thundurus,Rotom Wash,Heatran,Machamp,Cresselia,Scizor
2013,https://www.vgcpedia.com/2013-pokemon-world-championships/,Table 1,Junior/Senior,3,Haruka NaritağŸ‡¯ğŸ‡µ,,â€“,,,Thundurus,Liepard,Breloom,Latias,Cresselia,Amoonguss,Thundurus,Liepard,Breloom,Latias,Cresselia,Amoongus
2013,https://www.vgcpedia.com/2013-pokemon-world-championships/,Table 1,Junior/Senior,8,Paul ChuağŸ‡ºğŸ‡¸,,â€“,,,Tyranitar,Garchomp,Bisharp,Amoonguss,Cresselia,Gyarados,Tyranitar,Garchomp,Bisharp,Amoonguss,Cresselia,Gyarados
2013,https://www.vgcpedia.com/2013-pokemon-world-championships/,Table 2,Masters,1,Arash OmmatiğŸ‡®ğŸ‡¹,,8-1,,,Tornadus,Mamoswine,Conkeldurr,Heatran,Amoonguss,Latios,Tornadus,Mamoswine,Conkeldurr,Heatran,Amoonguss,Larios
2013,https://www.vgcpedia.com/2013-pokemon-world-championships/,Table 2,Masters,7,Liugi Lo GiudiceğŸ‡®ğŸ‡¹,,â€“,,,Landorus,Thundurus,Tyranitar,Scizor,Cresselia,Garchomp,Landorus therian,Thundurus,Tyranitar,Scizor,Cresselia,Garchomp
2013,https://www.vgcpedia.com/2013-pokemon-world-championships/,Table 1,Junior/Senior,2,Ben HickeyğŸ‡ºğŸ‡¸,,â€“,,,Tornadus,Ludicolo,Metagross,Hydreigon,Rhyperior,Cresselia,Tornadus,Ludicolo,Metagross,Hydreigon,Rhyperior,Cresselia
2013,https://www.vgcpedia.com/2013-pokemon-world-championships/,Table 1,Junior/Senior,2,Fuko NakamichiğŸ‡¯ğŸ‡µ,,â€“,,,Thundurus,Politoed,Kingdra,Weavile,Weavile,Virizion,Thundurus,Politoed,Kingdra,Weavile,Weavile,Virizion
2013,https://www.vgcpedia.com/2013-pokemon-world-championships/,Table 1,Junior/Senior,3,Cameron SwanğŸ‡ºğŸ‡¸,,â€“,,,Landorus,Thundurus,Volcarona,Cloyster,Breloom,Bisharp,Landorus therian,Thundurus,Volcarona,Cloyster,Breloom,Bisharp
2013,https://www.vgcpedia.com/2013-pokemon-world-championships/,Table 1,Junior/Senior,4,Brian HoughğŸ‡ºğŸ‡¸,,â€“,,,Tyranitar,Terrakion,Whimsicott,Gyarados,Zapdos,Cresselia,Tyranitar,Terrakion,Whimsicott,Gyarados,Zapdos,Cresselia
2013,https://www.vgcpedia.com/2013-pokemon-world-championships/,Table 1,Junior/Senior,4,Ryusei YasueğŸ‡¯ğŸ‡µ,,â€“,,,Landorus,Scrafty,Heatran,Sableye,Latias,Cresselia,Landorus therian,Scrafty,Heatran,Sableye,Latias,Cresselia
2013,https://www.vgcpedia.com/2013-pokemon-world-championships/,Table 1,Junior/Senior,5,Markus LiuğŸ‡©ğŸ‡ª,,â€“,,,Rotom,Garchomp,Hydreigon,Conkeldurr,Bisharp,Cresselia,Rotom Wash,Garchomp,Hydreigon,Conkeldurr,Bisharp,Cresselia
2013,https://www.vgcpedia.com/2013-pokemon-world-championships/,Table 1,Junior/Senior,6,Mark McQuillanğŸ‡¬ğŸ‡§,,â€“,,,Thundurus,Scrafty,Heatran,Swampert,Latios,Togekiss,Thundurus,Scrafty,Heatran,Swampert,Latios,Togekiss
2013,https://www.vgcpedia.com/2013-pokemon-world-championships/,Table 1,Junior/Senior,7,Alex GÃ³mezğŸ‡ªğŸ‡¸,,â€“,,,Thundurus,Landorus,Scrafty,Suicune,Heatran,Cresselia,Thundurus,Landorus therian,Scrafty,Suicune,Heatran,Cresselia
2013,https://www.vgcpedia.com/2013-pokemon-world-championships/,Table 2,Masters,2,Ryosuke KosugeğŸ‡¯ğŸ‡µ,,â€“,,,Landorus,Thundurus,Tyranitar,Conkeldurr,Heatran,Cresselia,Landorus therian,Thundurus,Tyranitar,Conkeldurr,Heatran,Cresselia
2013,https://www.vgcpedia.com/2013-pokemon-world-championships/,Table 2,Masters,3,Aaron ZhengğŸ‡ºğŸ‡¸,,â€“,,,Landorus,Tyranitar,Rotom,Conkeldurr,Heatran,Cresselia,Landorus therian,Tyranitar,Rotom Wash,Conkeldurr,Heatran,Cresselia
2013,https://www.vgcpedia.com/2013-pokemon-world-championships/,Table 2,Masters,4,Benjamin GoldğŸ‡¬ğŸ‡§,,â€“,,,Scrafty,Jellicent,Volcarona,Abomasnow,Rhydon,Latios,Scrafty,Jellicent,Volcarona,Abomasnow,Rhydon,Latios
2013,https://www.vgcpedia.com/2013-pokemon-world-championships/,Table 2,Masters,5,Sejun ParkğŸ‡°ğŸ‡·,,â€“,,,Tornadus,Scrafty,Jellicent,Abomasnow,Marowak,Magmar,Tornadus,Scrafty,Jellicent,Abomasnow,Marowak,Magmar
2013,https://www.vgcpedia.com/2013-pokemon-world-championships/,Table 2,Masters,6,Enosh SacharğŸ‡ºğŸ‡¸,,â€“,,,Tornadus,Hitmontop,Jellicent,Excadrill,Amoonguss,Latios,Tornadus,Hitmontop,Jellicent,Excadrill,Amoonguss,Latios
2013,https://www.vgcpedia.com/2013-pokemon-world-championships/,Table 2,Masters,8,Matthias HelmholdtğŸ‡©ğŸ‡ª,,â€“,,,Landorus,Terrakion,Volcarona,Hydreigon,Sableye,Amoonguss,Landorus,Terrakion,Volcarona,Hydreigon,Sableye,Amoonguss
2014,https://www.vgcpedia.com/2014-pokemon-world-championships/,Table 1,Junior/Senior,1,Kota YamamotoğŸ‡¯ğŸ‡µ,,8-1,,,Kangaskhan,Gardevoir,Zapdos,Aegislash,Garchomp,Hydreigon,Mega Kangaskhan,Gardevoir,Zapdos,Aegislash shield,Garchomp,Hydreigon
2014,https://www.vgcpedia.com/2014-pokemon-world-championships/,Table 1,Junior/Senior,1,Nikolai ZielinskiğŸ‡ºğŸ‡¸,,8-1,,,Mawile,Tyranitar,Rotom,Hydreigon,Gengar,Garchomp,Mega mawile,Tyranitar,Rotom Wash,Hydreigon,Gengar,Garchomp
2014,https://www.vgcpedia.com/2014-pokemon-world-championships/,Table 1,Junior/Senior,2,London SwanğŸ‡ºğŸ‡¸,,â€“,,,Kangaskhan,Gardevoir,Salamence,Rotom,Aegislash,Garchomp,Mega Kangaskhan,Gardevoir,Salamence,Rotom Wash,Aegislash shield,Garchomp
2014,https://www.vgcpedia.com/2014-pokemon-world-championships/,Table 1,Junior/Senior,2,Mark McquillanğŸ‡¬ğŸ‡§,,â€“,,,Kangaskhan,Rotom,Staraptor,Lapras,Aegislash,Garchomp,Mega Kangaskhan,Rotom Heat,Staraptor,Lapras,Aegislash shield,Garchomp
2014,https://www.vgcpedia.com/2014-pokemon-world-championships/,Table 1,Junior/Senior,3,Eric RiosğŸ‡ªğŸ‡¸,,â€“,,,Tyranitar,Rotom,Salamence,Aegislash,Blastoise,Amoonguss,Mega Tyranitar,Rotom Heat,Salamence,Aegislash shield,Mega Blastoise,Amoongus
2014,https://www.vgcpedia.com/2014-pokemon-world-championships/,Table 1,Junior/Senior,3,Haruka NaritağŸ‡¯ğŸ‡µ,,â€“,,,Manectric,Politoed,Ludicolo,Tyranitar,Talonflame,Amoonguss,Mega manectric,Politoed,Ludicolo,Tyranitar,Talonflame,Amoonguss
2014,https://www.vgcpedia.com/2014-pokemon-world-championships/,Table 1,Junior/Senior,4,Ian MclaughinğŸ‡ºğŸ‡¸,,â€“,,,Mawile,Lucario,Politoed,Ludicolo,Talonflame,Gothitelle,Mega mawile,Mega-Lucario,Politoed,Ludicolo,Talonflame,Gothitelle
2014,https://www.vgcpedia.com/2014-pokemon-world-championships/,Table 1,Junior/Senior,4,Riku MiyoshiğŸ‡¯ğŸ‡µ,,â€“,,,Manectric,Salamence,Rotom,Sableye,Meowstic,Amoonguss,Mega manectric,Salamence,Rotom Wash,Sableye,Meowstic,Amoonguss
2014,https://www.vgcpedia.com/2014-pokemon-world-championships/,Table 2,Masters,1,Sejun ParkğŸ‡°ğŸ‡·,,8-1,,,Gyarados,Talonflame,Gothitelle,Gardevoir,Pachirisu,Garchomp,Mega Gyarados,Talonflame,Gothitelle,Gardevoir,Pachirisu,Garchomp
2014,https://www.vgcpedia.com/2014-pokemon-world-championships/,Table 2,Masters,2,Jeudi AzzarelliğŸ‡ºğŸ‡¸,,â€“,,,Charizard,Lucario,Tyranitar,Rotom,Salamence,Garchomp,Mega-Charizard Y,Mega-Lucario,Tyranitar,Rotom mow,Salamence,Garchomp
2014,https://www.vgcpedia.com/2014-pokemon-world-championships/,Table 2,Masters,3,Collin HeierğŸ‡ºğŸ‡¸,,â€“,,,Mawile,Conkeldurr,Tyranitar,Zapdos,Aegislash,Hydreigon,Mega mawile,Conkeldurr,Tyranitar,Zapdos,Aegislash shield,Hydreigon
2014,https://www.vgcpedia.com/2014-pokemon-world-championships/,Table 2,Masters,4,Markus LiuğŸ‡©ğŸ‡ª,,â€“,,,Mawile,Venusaur,Rotom,Machamp,Azumarill,Hydreigon,Mega mawile,Mega-Venusaur,Rotom Heat,Machamp,Azumarill,Hydreigon
2014,https://www.vgcpedia.com/2014-pokemon-world-championships/,Table 2,Masters,5,Ryosuke KosugeğŸ‡¯ğŸ‡µ,,â€“,,,Mawile,Charizard,Aerodactyl,Mamoswine,Garchomp,Hydreigon,Mega mawile,Mega-Charizard Y,Aerodactyl,Mamoswine,Garchomp,Hydreigon
2014,https://www.vgcpedia.com/2014-pokemon-world-championships/,Table 2,Masters,6,Miguel MartÃ­ de la TorreğŸ‡ªğŸ‡¸,,â€“,,,Mawile,Rotom,Tyranitar,Zapdos,Aegislash,Garchomp,Mega mawile,Rotom Heat,Tyranitar,Zapdos,Aegislash shield,Garchomp
2014,https://www.vgcpedia.com/2014-pokemon-world-championships/,Table 2,Masters,7,Lee ProvostğŸ‡¬ğŸ‡§,,â€“,,,Mawile,Tyranitar,Zapdos,Politoed,Ludicolo,Garchomp,Mega mawile,Tyranitar,Zapdos,Politoed,Ludicolo,Garchomp
2014,https://www.vgcpedia.com/2014-pokemon-world-championships/,Table 2,Masters,8,Dayne Oâ€™MearağŸ‡¦ğŸ‡º,,â€“,,,Lucario,Talonflame,Staraptor,Politoed,Lapras,Raichu,Mega-Lucario,Talonflame,Staraptor,Politoed,Lapras,Raichu
2015,https://www.vgcpedia.com/2015-pokemon-world-championships/,Table 1,Junior/Senior,1,Kotone YasueğŸ‡¯ğŸ‡µ,,4-2,,,Gardevoir,Landorus,Thundurus,Tyranitar,Heatran,Amoonguss,Mega-Gardevoir,Landorus therian,Thundurus,Tyranitar,Heatran,Amoonguss
2015,https://www.vgcpedia.com/2015-pokemon-world-championships/,Table 1,Junior/Senior,1,Mark McQuillanğŸ‡¬ğŸ‡§,,5-2,,,Charizard,Landorus,Machamp,Sylveon,Heatran,Cresselia,Mega-Charizard Y,Landorus therian,Machamp,Sylveon,Heatran,Cresselia
2015,https://www.vgcpedia.com/2015-pokemon-world-championships/,Table 1,Junior/Senior,2,Koki HondağŸ‡¯ğŸ‡µ,,6-1,,,Kangaskhan,Landorus,Zapdos,Sylveon,Heatran,Aegislash,Mega Kangaskhan,Landorus therian,Zapdos,Sylveon,Heatran,Aegislash shield
2015,https://www.vgcpedia.com/2015-pokemon-world-championships/,Table 1,Junior/Senior,2,Ryan Jaehyun ParkğŸ‡°ğŸ‡·,,6-0,,,Charizard,Landorus,Terrakion,Rotom,Cresselia,Aegislash,Mega-Charizard Y,Landorus therian,Terrakion,Rotom Wash,Cresselia,Aegislash shield
2015,https://www.vgcpedia.com/2015-pokemon-world-championships/,Table 1,Junior/Senior,3,Kylie ChuağŸ‡ºğŸ‡¸,,5-2,,,Kangaskhan,Landorus,Thundurus,Sylveon,Heatran,Milotic,Mega Kangaskhan,Landorus therian,Thundurus,Sylveon,Heatran,Milotic
2015,https://www.vgcpedia.com/2015-pokemon-world-championships/,Table 1,Junior/Senior,3,Shu HarasakiğŸ‡¯ğŸ‡µ,,5-1,,,Kangaskhan,Mawile,Terrakion,Cresselia,Amoonguss,Aegislash,Mega Kangaskhan,Mega mawile,Terrakion,Cresselia,Amoonguss,Aegislash shield
2015,https://www.vgcpedia.com/2015-pokemon-world-championships/,Table 1,Junior/Senior,4,Max MarjanoviÄ‡ğŸ‡¦ğŸ‡¹,,6-1,,,Kangaskhan,Arcanine,Hydreigon,Milotic,Ferrothorn,Togekiss,Mega Kangaskhan,Arcanine,Hydreigon,Milotic,Ferrothorn,Togekiss
2015,https://www.vgcpedia.com/2015-pokemon-world-championships/,Table 1,Junior/Senior,4,Shuhei TsukanoğŸ‡¯ğŸ‡µ,,5-1,,,Kangaskhan,Landorus,Thundurus,Suicune,Togekiss,Aegislash,Mega Kangaskhan,Landorus therian,Thundurus,Suicune,Togekiss,Aegislash shield
2015,https://www.vgcpedia.com/2015-pokemon-world-championships/,Table 1,Junior/Senior,5,David KouteshğŸ‡¨ğŸ‡¿,,7-0,,,Kangaskhan,Landorus,Arcanine,Zapdos,Breloom,Aegislash,Mega Kangaskhan,Landorus therian,Arcanine,Zapdos,Breloom,Aegislash shield
2015,https://www.vgcpedia.com/2015-pokemon-world-championships/,Table 1,Junior/Senior,6,Sebastian EscalanteğŸ‡¦ğŸ‡·,,5-2,,,Kangaskhan,Landorus,Thundurus,Suicune,Breloom,Aegislash,Mega Kangaskhan,Landorus therian,Thundurus,Suicune,Breloom,Aegislash shield
2015,https://www.vgcpedia.com/2015-pokemon-world-championships/,Table 1,Junior/Senior,7,Chien-Chien Tsai,,6-1,,,Gardevoir,Landorus,Suicune,Heatran,Gengar,Amoonguss,Mega-Gardevoir,Landorus therian,Suicune,Heatran,Gengar,Amoonguss
2015,https://www.vgcpedia.com/2015-pokemon-world-championships/,Table 1,Junior/Senior,8,Jake Skurchak,,5-2,,,Kangaskhan,Landorus,Thundurus,Volcarona,Milotic,Aegislash,Mega Kangaskhan,Landorus therian,Thundurus,Volcarona,Milotic,Aegislash shield
2015,https://www.vgcpedia.com/2015-pokemon-world-championships/,Table 2,Masters,1,Shoma HonamiğŸ‡¯ğŸ‡µ,,5-2,,,Kangaskhan,Landorus,Thundurus,Amoonguss,Heatran,Cresselia,Mega Kangaskhan,Landorus therian,Thundurus,Amoonguss,Heatran,Cresselia
2015,https://www.vgcpedia.com/2015-pokemon-world-championships/,Table 2,Masters,2,Hideyuki TaidağŸ‡¯ğŸ‡µ,,6-1,,,Kangaskhan,Landorus,Thundurus,Volcarona,Aegislash,Cresselia,Mega Kangaskhan,Landorus therian,Thundurus,Volcarona,Aegislash shield,Cresselia
2015,https://www.vgcpedia.com/2015-pokemon-world-championships/,Table 2,Masters,3,Yosuke IsagiğŸ‡¯ğŸ‡µ,,7-0,,,Kangaskhan,Landorus,Thundurus,Sylveon,Heatran,Aegislash,Mega Kangaskhan,Landorus therian,Thundurus,Sylveon,Heatran,Aegislash shield
2015,https://www.vgcpedia.com/2015-pokemon-world-championships/,Table 2,Masters,4,Naohito MizobuchiğŸ‡¯ğŸ‡µ,,6-1,,,Kangaskhan,Landorus,Entei,Amoonguss,Aegislash,Cresselia,Mega Kangaskhan,Landorus therian,Entei,Amoonguss,Aegislash shield,Cresselia
2015,https://www.vgcpedia.com/2015-pokemon-world-championships/,Table 2,Masters,5,Daiki MoriyamağŸ‡¯ğŸ‡µ,,6-1,,,Kangaskhan,Landorus,Tyranitar,Amoonguss,Heatran,Cresselia,Mega Kangaskhan,Landorus therian,Tyranitar,Amoonguss,Heatran,Cresselia
2015,https://www.vgcpedia.com/2015-pokemon-world-championships/,Table 2,Masters,6,Daichi KumabeğŸ‡¯ğŸ‡µ,,6-1,,,Gardevoir,Landorus,Thundurus,Tyranitar,Amoonguss,Heatran,Mega-Gardevoir,Landorus therian,Thundurus,Tyranitar,Amoonguss,Heatran
2015,https://www.vgcpedia.com/2015-pokemon-world-championships/,Table 2,Masters,7,Hayato TakahashiğŸ‡¯ğŸ‡µ,,5-2,,,Kangaskhan,Landorus,Scrafty,Amoonguss,Heatran,Cresselia,Mega Kangaskhan,Landorus therian,Scrafty,Amoonguss,Heatran,Cresselia
2015,https://www.vgcpedia.com/2015-pokemon-world-championships/,Table 2,Masters,8,Lajos WoltersorfğŸ‡©ğŸ‡ª,,5-2,,,Gardevoir,Landorus,Rotom,Hydreigon,Amoonguss,Heatran,Mega-Gardevoir,Landorus therian,Rotom Wash,Hydreigon,Amoonguss,Heatran
2016,https://www.vgcpedia.com/2016-pokemon-world-championships/,Table 1,Junior/Senior,1,Carson ConferğŸ‡ºğŸ‡¸,,â€“,,,Groudon,Kyogre,Kangaskhan,Thundurus,Bronzong,Cresselia,Primal Groudon,Primal Kyogre,Mega Kangaskhan,Thundurus,Bronzong,Cresselia
2016,https://www.vgcpedia.com/2016-pokemon-world-championships/,Table 1,Junior/Senior,2,Shu HarasakiğŸ‡¯ğŸ‡µ,,â€“,,,Groudon,Kyogre,Kangaskhan,Whimsicott,Ferrothorn,Cresselia,Primal Groudon,Primal Kyogre,Mega Kangaskhan,Whimsicott,Ferrothorn,Cresselia
2016,https://www.vgcpedia.com/2016-pokemon-world-championships/,Table 1,Junior/Senior,2,Yuki WatağŸ‡¯ğŸ‡µ,,â€“,,,Groudon,Xerneas,Kangaskhan,Salamence,Smeargle,Talonflame,Primal Groudon,Xerneas,Mega Kangaskhan,Mega-Salamence,Smeargle,Talonflame
2016,https://www.vgcpedia.com/2016-pokemon-world-championships/,Table 1,Junior/Senior,3,Mostafa AfrğŸ‡ºğŸ‡¸,,â€“,,,Groudon,Kyogre,Gengar,Terrakion,Whimsicott,Crobat,Primal Groudon,Primal Kyogre,Mega-Gengar,Terrakion,Whimsicott,Crobat
2016,https://www.vgcpedia.com/2016-pokemon-world-championships/,Table 1,Junior/Senior,3,Rikuto NodağŸ‡¯ğŸ‡µ,,â€“,,,Groudon,Xerneas,Kangaskhan,Salamence,Smeargle,Talonflame,Primal Groudon,Xerneas,Mega Kangaskhan,Mega-Salamence,Smeargle,Talonflame
2016,https://www.vgcpedia.com/2016-pokemon-world-championships/,Table 1,Junior/Senior,4,Enzo ReziğŸ‡ºğŸ‡¸,,â€“,,,Groudon,Xerneas,Kangaskhan,Salamence,Smeargle,Talonflame,Primal Groudon,Xerneas,Mega Kangaskhan,Mega-Salamence,Smeargle,Talonflame
2016,https://www.vgcpedia.com/2016-pokemon-world-championships/,Table 1,Junior/Senior,4,Kazuki OgushiğŸ‡¯ğŸ‡µ,,â€“,,,Groudon,Xerneas,Kangaskhan,Salamence,Smeargle,Talonflame,Primal Groudon,Xerneas,Mega Kangaskhan,Mega-Salamence,Smeargle,Talonflame
2016,https://www.vgcpedia.com/2016-pokemon-world-championships/,Table 1,Junior/Senior,6,Nils DunlopğŸ‡¸ğŸ‡ª,,â€“,,,Kyogre,Rayquaza,Kangaskhan,Kangaskhan,Thundurus,Aegislash,Primal Kyogre,Mega-Rayquaza,Mega Kangaskhan,Mega Kangaskhan,Thundurus,Aegislash shield
2016,https://www.vgcpedia.com/2016-pokemon-world-championships/,Table 1,Junior/Senior,7,Daravone SouphommanychanhğŸ‡¨ğŸ‡¦,,â€“,,,Groudon,Kyogre,Kangaskhan,Salamence,Thundurus,Bronzong,Primal Groudon,Primal Kyogre,Mega Kangaskhan,Mega-Salamence,Thundurus,Bronzong
2016,https://www.vgcpedia.com/2016-pokemon-world-championships/,Table 1,Junior/Senior,8,Brendan ZhengğŸ‡ºğŸ‡¸,,â€“,,,Kyogre,Rayquaza,Gengar,Hitmontop,Raichu,Bronzong,Primal Kyogre,Mega-Rayquaza,Mega-Gengar,Hitmontop,Raichu,Bronzong
2016,https://www.vgcpedia.com/2016-pokemon-world-championships/,Table 1,Junior/Senior,1,Cory ConnorğŸ‡ºğŸ‡¸,,â€“,,,Kyogre,Rayquaza,Thundurus,Hitmontop,Togekiss,Scizor,Primal Kyogre,Mega-Rayquaza,Thundurus,Hitmontop,Togekiss,Scizor
2016,https://www.vgcpedia.com/2016-pokemon-world-championships/,Table 1,Junior/Senior,5,Hong Ju HoungğŸ‡°ğŸ‡·,,â€“,,,Kyogre,Rayquaza,Mawile,Landorus,Cresselia,Amoonguss,Primal Kyogre,Mega-Rayquaza,Mega mawile,Landorus therian,Cresselia,Amoongus
2016,https://www.vgcpedia.com/2016-pokemon-world-championships/,Table 2,Masters,1,Wolfe GlickğŸ‡ºğŸ‡¸,,6-1,,,Kyogre,Rayquaza,Gengar,Hitmontop,Raichu,Bronzong,Primal Kyogre,Mega-Rayquaza,Mega-Gengar,Hitmontop,Raichu,Bronzong
2016,https://www.vgcpedia.com/2016-pokemon-world-championships/,Table 2,Masters,2,Jonathan EvansğŸ‡ºğŸ‡¸,,5-2,,,Groudon,Kyogre,Gengar,Manectric,Talonflame,Bronzong,Primal Groudon,Primal Kyogre,Mega-Gengar,Mega manectric,Talonflame,Bronzong
2016,https://www.vgcpedia.com/2016-pokemon-world-championships/,Table 2,Masters,3,Markus StadterğŸ‡©ğŸ‡ª,,5-2,,,Kyogre,Rayquaza,Gengar,Hitmontop,Raichu,Bronzong,Primal Kyogre,Mega-Rayquaza,Mega-Gengar,Hitmontop,Raichu,Bronzong
2016,https://www.vgcpedia.com/2016-pokemon-world-championships/,Table 2,Masters,4,Eduardo CunhağŸ‡µğŸ‡¹,,5-2,,,Groudon,Xerneas,Kangaskhan,Thundurus,Hitmontop,Bronzong,Primal Groudon,Xerneas,Mega Kangaskhan,Thundurus,Hitmontop,Bronzong
2016,https://www.vgcpedia.com/2016-pokemon-world-championships/,Table 2,Masters,5,Aaron TraylorğŸ‡ºğŸ‡¸,,7-0,,,Groudon,Xerneas,Salamence,Smeargle,Cresselia,Bronzong,Primal Groudon,Xerneas,Mega-Salamence,Smeargle,Cresselia,Bronzong
2016,https://www.vgcpedia.com/2016-pokemon-world-championships/,Table 2,Masters,6,Justin CarrisğŸ‡ºğŸ‡¸,,6-1,,,Kyogre,Xerneas,Salamence,Infernape,Amoonguss,Bronzong,Primal Kyogre,Xerneas,Mega-Salamence,Infernape,Amoonguss,Bronzong
2016,https://www.vgcpedia.com/2016-pokemon-world-championships/,Table 2,Masters,7,Barry AndersonğŸ‡¬ğŸ‡§,,6-1,,,Rayquaza,Xerneas,Thundurus,Scrafty,Volcarona,Smeargle,Mega-Rayquaza,Xerneas,Thundurus,Scrafty,Volcarona,Smeargle
2016,https://www.vgcpedia.com/2016-pokemon-world-championships/,Table 2,Masters,8,Baris AckosğŸ‡©ğŸ‡ª,,5-2,,,Kyogre,Rayquaza,Gengar,Hitmontop,Raichu,Bronzong,Primal Kyogre,Mega-Rayquaza,Mega-Gengar,Hitmontop,Raichu,Bronzong
2017,https://www.vgcpedia.com/2017-pokemon-world-championships/,Table 1,Junior/Senior,1,Hong JuyoungğŸ‡°ğŸ‡·,,5-2,,,Tapu Koko,Arcanine,Kartana,Mudsdale,Araquanid,Porygon2,Tapu Koko,Arcanine,Kartana,Mudsdale,Araquanid,Porygon2
2017,https://www.vgcpedia.com/2017-pokemon-world-championships/,Table 1,Junior/Senior,1,Nicholas KanğŸ‡¦ğŸ‡º,,4-2,,,Tapu Koko,Arcanine,Gyarados,Garchomp,Snorlax,Porygon2,Tapu Koko,Arcanine,Gyarados,Garchomp,Snorlax,Porygon2
2017,https://www.vgcpedia.com/2017-pokemon-world-championships/,Table 1,Junior/Senior,2,TomÃ¡s SerranoğŸ‡ªğŸ‡¸,,4-2,,,Torkoal,Hariyama,Lucario,Gigalith,Celesteela,Oranguru,Torkoal,Hariyama,Lucario,Gigalith,Celesteela,Oranguru
2017,https://www.vgcpedia.com/2017-pokemon-world-championships/,Table 1,Junior/Senior,2,Yuki WatağŸ‡¯ğŸ‡µ,,5-2,,,Tapu Koko,Tapu Fini,Arcanine,Kartana,Gigalith,Porygon2,Tapu Koko,Tapu Fini,Arcanine,Kartana,Gigalith,Porygon2
2017,https://www.vgcpedia.com/2017-pokemon-world-championships/,Table 1,Junior/Senior,3,William SepesiğŸ‡ºğŸ‡¸,,6-1,,,Tapu Koko,Tapu Bulu,Arcanine,Mudsdale,Araquanid,Porygon2,Tapu Koko,Tapu Bulu,Arcanine,Mudsdale,Araquanid,Porygon2
2017,https://www.vgcpedia.com/2017-pokemon-world-championships/,Table 1,Junior/Senior,3,Wonn LeeğŸ‡¯ğŸ‡µ,,5-1,,,Tapu Fini,Arcanine,Kartana,Ninetales,Snorlax,Mimikyu,Tapu Fini,Arcanine,Kartana,Alolan Ninetales,Snorlax,Mimikyu
2017,https://www.vgcpedia.com/2017-pokemon-world-championships/,Table 1,Junior/Senior,4,Beau BergğŸ‡ºğŸ‡¸,,5-2,,,Tapu Koko,Tapu Bulu,Arcanine,Mudsdale,Araquanid,Porygon2,Tapu Koko,Tapu Bulu,Arcanine,Mudsdale,Araquanid,Porygon2
2017,https://www.vgcpedia.com/2017-pokemon-world-championships/,Table 1,Junior/Senior,4,Zachary LazaroffğŸ‡ºğŸ‡¸,,4-2,,,Tapu Lele,Xurkitree,Pheromosa,Nihilego,Smeargle,Celesteela,Tapu Lele,Xurkitree,Pheromosa,Nihilego,Smeargle,Celesteela
2017,https://www.vgcpedia.com/2017-pokemon-world-championships/,Table 1,Junior/Senior,5,Taiki OkamotoğŸ‡¯ğŸ‡µ,,6-1,,,Tapu Koko,Tapu Fini,Whimsicott,Gigalith,Celesteela,Porygon2,Tapu Koko,Tapu Fini,Whimsicott,Gigalith,Celesteela,Porygon2
2017,https://www.vgcpedia.com/2017-pokemon-world-championships/,Table 1,Junior/Senior,6,Parth PatelğŸ‡ºğŸ‡¸,,5-2,,,Tapu Koko,Tapu Fini,Arcanine,Kartana,Gigalith,Porygon2,Tapu Koko,Tapu Fini,Arcanine,Kartana,Gigalith,Porygon2
2017,https://www.vgcpedia.com/2017-pokemon-world-championships/,Table 1,Junior/Senior,7,Izumi MotoeğŸ‡¯ğŸ‡µ,,6-1,,,Tapu Koko,Tapu Lele,Arcanine,Garchomp,Metagross,Mandibuzz,Tapu Koko,Tapu Lele,Arcanine,Garchomp,Metagross,Mandibuzz
2017,https://www.vgcpedia.com/2017-pokemon-world-championships/,Table 1,Junior/Senior,8,Chang JoonseoğŸ‡°ğŸ‡·,,5-2,,,Tapu Koko,Arcanine,Ninetales,Gastrodon,Snorlax,Celesteela,Tapu Koko,Arcanine,Alolan Ninetales,Gastrodon,Snorlax,Celesteela
2017,https://www.vgcpedia.com/2017-pokemon-world-championships/,Table 2,Masters,2,Sam PandelisğŸ‡¦ğŸ‡º,,5-2,,,Tapu Lele,Arcanine,Xurkitree,Ninetales,Mandibuzz,Garchomp,Tapu Lele,Arcanine,Xurkitree,Alolan Ninetales,Mandibuzz,Garchomp
2017,https://www.vgcpedia.com/2017-pokemon-world-championships/,Table 2,Masters,7,RenÃ© AlvarengağŸ‡¸ğŸ‡»,,5-2,,,Tapu Koko,Tapu Fini,Arcanine,Celesteela,Hariyama,Garchomp,Tapu Koko,Tapu Fini,Arcanine,Celesteela,Hariyama,Garchomp
2017,https://www.vgcpedia.com/2017-pokemon-world-championships/,Table 2,Masters,1,Ryota OtsuboğŸ‡¯ğŸ‡µ,,5-2,,,Tapu Koko,Tapu Fini,Krookodile,Marowak,Whimsicott,Celesteela,Tapu Koko,Tapu Fini,Krookodile,Alolan Marowak,Whimsicott,Celesteela
2017,https://www.vgcpedia.com/2017-pokemon-world-championships/,Table 2,Masters,3,Paul RuizğŸ‡ªğŸ‡¨,,6-1,,,Tapu Koko,Salamence,Marowak,Persian,Snorlax,Celesteela,Tapu Koko,Salamence,Alolan Marowak,Alolan Persian,Snorlax,Celesteela
2017,https://www.vgcpedia.com/2017-pokemon-world-championships/,Table 2,Masters,4,Tomoyuki YoshimurağŸ‡¯ğŸ‡µ,,5-2,,,Tapu Koko,Salamence,Metagross,Buzzwole,Nihilego,Gastrodon,Tapu Koko,Salamence,Metagross,Buzzwhole,Nihilego,Gastrodon
2017,https://www.vgcpedia.com/2017-pokemon-world-championships/,Table 2,Masters,5,Nils DunlopğŸ‡¸ğŸ‡ª,,7-0,,,Tapu Koko,Arcanine,Persian,Nihilego,Snorlax,Mimikyu,Tapu Koko,Arcanine,Alolan Persian,Nihilego,Snorlax,Mimikyu
2017,https://www.vgcpedia.com/2017-pokemon-world-championships/,Table 2,Masters,6,SebastiÃ¡n EscalanteğŸ‡¦ğŸ‡·,,6-1,,,Tapu Koko,Politoed,Golduck,Buzzwole,Muk,Klefki,Tapu Koko,Politoed,Golduck,Buzzwhole,Alolan muk,Klefki
2017,https://www.vgcpedia.com/2017-pokemon-world-championships/,Table 2,Masters,8,DoriÃ¡n-AndrÃ©s QuiÃ±onesğŸ‡µğŸ‡ª,,5-2,,,Tapu Koko,Arcanine,Kartana,Nihilego,Araquanid,Porygon2,Tapu Koko,Arcanine,Kartana,Nihilego,Araquanid,Porygon2
2018,https://www.vgcpedia.com/2018-pokemon-world-championships/,Table 1,Junior/Senior,1,Wonn LeeğŸ‡°ğŸ‡·,,5-1,,,Gengar,Tapu Bulu,Terrakion,Whimsicott,Kommo-o,Snorlax,Mega-Gengar,Tapu Bulu,Terrakion,Whimsicott,Kommo-o,Snorlax
2018,https://www.vgcpedia.com/2018-pokemon-world-championships/,Table 1,Junior/Senior,2,Bram de JongeğŸ‡³ğŸ‡±,,4-2,,,Blaziken,Tapu Bulu,Bisharp,Amoonguss,Snorlax,Porygon2,Mega-Blaziken,Tapu Bulu,Bisharp,Amoonguss,Snorlax,Porygon2
2018,https://www.vgcpedia.com/2018-pokemon-world-championships/,Table 1,Junior/Senior,2,Sota TamemasağŸ‡¯ğŸ‡µ,,4-2,,,Mawile,Pelipper,Dusclops,Snorlax,Mimikyu,Oranguru,Mega mawile,Pelipper,Dusclops,Snorlax,Mimikyu,Oranguru
2018,https://www.vgcpedia.com/2018-pokemon-world-championships/,Table 1,Junior/Senior,3,Yujiro AraiğŸ‡¯ğŸ‡µ,,5-1,,,Charizard,Metagross,Tapu Lele,Landorus,Heatran,Cresselia,Mega-Charizard Y,Mega-Metagross,Tapu Lele,Landorus therian,Heatran,Cresselia
2018,https://www.vgcpedia.com/2018-pokemon-world-championships/,Table 1,Junior/Senior,4,Bilel Lakehal,,4-2,,,Lopunny,Torkoal,Xurkitree,Snorlax,Mimikyu,Cresselia,Mega-Lopunny,Torkoal,Xurkitree,Snorlax,Mimikyu,Cresselia
2018,https://www.vgcpedia.com/2018-pokemon-world-championships/,Table 1,Junior/Senior,4,Gabriel DurÃ¡nğŸ‡µğŸ‡ª,,4-2,,,Charizard,Metagross,Tapu Lele,Landorus,Amoonguss,Nihilego,Mega-Charizard Y,Mega-Metagross,Tapu Lele,Landorus therian,Amoonguss,Nihilego
2018,https://www.vgcpedia.com/2018-pokemon-world-championships/,Table 1,Junior/Senior,6,VÃ­ctor MedinağŸ‡ªğŸ‡¸,,4-2,,,Charizard,Tapu Lele,Landorus,Tyranitar,Kartana,Porygon2,Mega-Charizard Y,Tapu Lele,Landorus therian,Tyranitar,Kartana,Porygon2
2018,https://www.vgcpedia.com/2018-pokemon-world-championships/,Table 1,Junior/Senior,7,Zach KellyğŸ‡¸ğŸ‡¬,,4-2,,,Kangaskhan,Tapu Fini,Landorus,Bisharp,Zapdos,Volcarona,Mega Kangaskhan,Tapu Fini,Landorus therian,Bisharp,Zapdos,Volcarona
2018,https://www.vgcpedia.com/2018-pokemon-world-championships/,Table 1,Junior/Senior,1,James EvansğŸ‡ºğŸ‡¸,,5-1,,,Gardevoir,Tapu Koko,Landorus,Araquanid,Porygon2,Incineroar,Mega-Gardevoir,Tapu Koko,Landorus therian,Araquanid,Porygon2,Incineroar
2018,https://www.vgcpedia.com/2018-pokemon-world-championships/,Table 1,Junior/Senior,3,Shota YamadağŸ‡¯ğŸ‡µ,,4-2,,,Venusaur,Metagross,Tapu Koko,Snorlax,Porygon2,Incineroar,Mega-Venusaur,Mega-Metagross,Tapu Koko,Snorlax,Porygon2,Incineroar
2018,https://www.vgcpedia.com/2018-pokemon-world-championships/,Table 1,Junior/Senior,5,Ethan FrenchğŸ‡¬ğŸ‡§,,5-1,,,Gengar,Tapu Fini,Landorus,Kartana,Cresselia,Incineroar,Mega-Gengar,Tapu Fini,Landorus therian,Kartana,Cresselia,Incineroar
2018,https://www.vgcpedia.com/2018-pokemon-world-championships/,Table 1,Junior/Senior,8,Westley LongğŸ‡ºğŸ‡¸,,4-2,,,Charizard,Gardevoir,Landorus,Tyranitar,Amoonguss,Incineroar,Mega-Charizard Y,Mega-Gardevoir,Landorus therian,Tyranitar,Amoonguss,Incineroar
2018,https://www.vgcpedia.com/2018-pokemon-world-championships/,Table 2,Masters,1,Paul RuizğŸ‡ªğŸ‡¨,,5-2,,,Salamence,Tapu Koko,Incineroar,Kartana,Gastrodon,Snorlax,Mega-Salamence,Tapu Koko,Incineroar,Kartana,Gastrodon,Snorlax
2018,https://www.vgcpedia.com/2018-pokemon-world-championships/,Table 2,Masters,2,Emilio ForbesğŸ‡ºğŸ‡¸,,6-1,,,Gengar,Tapu Bulu,Incineroar,Landorus,Politoed,Latias,Mega-Gengar,Tapu Bulu,Incineroar,Landorus therian,Politoed,Latias
2018,https://www.vgcpedia.com/2018-pokemon-world-championships/,Table 2,Masters,3,Nils DunlopğŸ‡¸ğŸ‡ª,,6-1,,,Metagross,Tapu Koko,Incineroar,Landorus,Snorlax,Mimikyu,Mega-Metagross,Tapu Koko,Incineroar,Landorus therian,Snorlax,Mimikyu
2018,https://www.vgcpedia.com/2018-pokemon-world-championships/,Table 2,Masters,4,Yusei MatsunoğŸ‡¯ğŸ‡µ,,5-2,,,Salamence,Tapu Koko,Incineroar,Snorlax,Amoonguss,Gothitelle,Mega-Salamence,Tapu Koko,Incineroar,Snorlax,Amoonguss,Gothitelle
2018,https://www.vgcpedia.com/2018-pokemon-world-championships/,Table 2,Masters,5,Tomohiro SekiğŸ‡¯ğŸ‡µ,,6-1,,,Kangaskhan,Tapu Koko,Tapu Fini,Landorus,Heatran,Cresselia,Mega Kangaskhan,Tapu Koko,Tapu Fini,Landorus therian,Heatran,Cresselia
2018,https://www.vgcpedia.com/2018-pokemon-world-championships/,Table 2,Masters,6,Roberto PorretiğŸ‡®ğŸ‡¹,,5-2,,,Gengar,Tapu Fini,Incineroar,Landorus,Tyranitar,Kartana,Mega-Gengar,Tapu Fini,Incineroar,Landorus therian,Tyranitar,Kartana
2018,https://www.vgcpedia.com/2018-pokemon-world-championships/,Table 2,Masters,7,Federico TuranoğŸ‡¦ğŸ‡·,,5-2,,,Charizard,Tapu Lele,Landorus,Kartana,Snorlax,Cresselia,Mega-Charizard Y,Tapu Lele,Landorus therian,Kartana,Snorlax,Cresselia
2018,https://www.vgcpedia.com/2018-pokemon-world-championships/,Table 2,Masters,8,Arash OmmatiğŸ‡®ğŸ‡¹,,5-2,,,Metagross,Tapu Fini,Tapu Bulu,Landorus,Volcarona,Persian,Mega-Metagross,Tapu Fini,Tapu Bulu,Landorus therian,Volcarona,Alolan Persian
2019,https://www.vgcpedia.com/2019-pokemon-world-championships/,Table 1,Junior/Senior,1,Pi WuğŸ‡¹ğŸ‡¼,,â€“,,,Rayquaza,Xerneas,Tapu Fini,Incineroar,Nihilego,Amoonguss,Mega-Rayquaza,Xerneas,Tapu Fini,Incineroar,Nihilego,Amoonguss
2019,https://www.vgcpedia.com/2019-pokemon-world-championships/,Table 1,Junior/Senior,2,Lewis TanğŸ‡¦ğŸ‡º,,â€“,,,Groudon,Yveltal,Gengar,Tapu Fini,Incineroar,Ferrothorn,Primal Groudon,Yveltal,Mega-Gengar,Tapu Fini,Incineroar,Ferrothorn
2019,https://www.vgcpedia.com/2019-pokemon-world-championships/,Table 1,Junior/Senior,2,Teddy FrenchğŸ‡¬ğŸ‡§,,â€“,,,Groudon,Necrozma,Mawile,Smeargle,Ferrothorn,Stakataka,Primal Groudon,Necrozma DW,Mega mawile,Smeargle,Ferrothorn,Stakataka
2019,https://www.vgcpedia.com/2019-pokemon-world-championships/,Table 1,Junior/Senior,3,Connor YuenğŸ‡¸ğŸ‡¬,,â€“,,,Groudon,Xerneas,Metagross,Tapu Koko,Incineroar,Tornadus,Primal Groudon,Xerneas,Mega-Metagross,Tapu Koko,Incineroar,Tornadus
2019,https://www.vgcpedia.com/2019-pokemon-world-championships/,Table 1,Junior/Senior,4,Baik JoongyoonğŸ‡°ğŸ‡·,,â€“,,,Kyogre,Rayquaza,Tapu Koko,Incineroar,Ferrothorn,Nihilego,Primal Kyogre,Mega-Rayquaza,Tapu Koko,Incineroar,Ferrothorn,Nihilego
2019,https://www.vgcpedia.com/2019-pokemon-world-championships/,Table 1,Junior/Senior,4,Yuta NakaueğŸ‡¯ğŸ‡µ,,â€“,,,Kyogre,Yveltal,Tapu Lele,Incineroar,Kartana,Stakataka,Primal Kyogre,Yveltal,Tapu Lele,Incineroar,Kartana,Stakataka
2019,https://www.vgcpedia.com/2019-pokemon-world-championships/,Table 1,Junior/Senior,5,Kareem MuakkitğŸ‡ºğŸ‡¸,,â€“,,,Xerneas,Lunala,Lucario,Tapu Lele,Incineroar,Smeargle,Xerneas,Lunala,Mega-Lucario,Tapu Lele,Incineroar,Smeargle
2019,https://www.vgcpedia.com/2019-pokemon-world-championships/,Table 1,Junior/Senior,6,Enzo ReciğŸ‡ºğŸ‡¸,,â€“,,,Groudon,Xerneas,Kangaskhan,Tapu Lele,Smeargle,Kartana,Primal Groudon,Xerneas,Mega Kangaskhan,Tapu Lele,Smeargle,Kartana
2019,https://www.vgcpedia.com/2019-pokemon-world-championships/,Table 1,Junior/Senior,7,Alessandro MarchionneğŸ‡®ğŸ‡¹,,â€“,,,Kyogre,Rayquaza,Incineroar,Salazzle,Ferrothorn,Crobat,Primal Kyogre,Mega-Rayquaza,Incineroar,Salazzle,Ferrothorn,Crobat
2019,https://www.vgcpedia.com/2019-pokemon-world-championships/,Table 1,Junior/Senior,8,Lee JunheeğŸ‡°ğŸ‡·,,â€“,,,Kyogre,Lunala,Kangaskhan,Tapu Fini,Landorus,Ferrothorn,Primal Kyogre,Lunala,Mega Kangaskhan,Tapu Fini,Landorus therian,Ferrothorn
2019,https://www.vgcpedia.com/2019-pokemon-world-championships/,Table 1,Junior/Senior,1,Ko TsukideğŸ‡¯ğŸ‡µ,,â€“,,,Rayquaza,Xerneas,Tapu Fini,Incineroar,Togedemaru,Amoonguss,Mega-Rayquaza,Xerneas,Tapu Fini,Incineroar,Togedemaru,Amoongus
2019,https://www.vgcpedia.com/2019-pokemon-world-championships/,Table 1,Junior/Senior,3,Kenshin HosoiğŸ‡¯ğŸ‡µ,,â€“,,,Rayquaza,Xerneas,Tapu Lele,Incineroar,Excadrill,Amoonguss,Mega-Rayquaza,Xerneas,Tapu Lele,Incineroar,Excadrill,Amoongus
2019,https://www.vgcpedia.com/2019-pokemon-world-championships/,Table 2,Masters,4,Kazuki KobayashiğŸ‡¯ğŸ‡µ,,â€“,,,Groudon,Metagross,Tapu Koko,Incineroar,Mimikyu,Amoonguss,Primal Groudon,Mega-Metagross,Tapu Koko,Incineroar,Mimikyu,Amoongus
2019,https://www.vgcpedia.com/2019-pokemon-world-championships/,Table 2,Masters,5,Meaghan RattleğŸ‡¦ğŸ‡º,,â€“,,,Kyogre,Metagross,Tapu Koko,Incineroar,Amoonguss,Yveltal,Primal Kyogre,Mega-Metagross,Tapu Koko,Incineroar,Amoonguss,Yveltal
2019,https://www.vgcpedia.com/2019-pokemon-world-championships/,Table 2,Masters,1,Naoto MizobuchiğŸ‡¯ğŸ‡µ,,â€“,,,Groudon,Lunala,Salamence,Tapu Fini,Incineroar,Stakataka,Primal Groudon,Lunala,Mega-Salamence,Tapu Fini,Incineroar,Stakataka
2019,https://www.vgcpedia.com/2019-pokemon-world-championships/,Table 2,Masters,2,Hirofumi KimurağŸ‡¯ğŸ‡µ,,â€“,,,Groudon,Necrozma,Salamence,Kangaskhan,Tapu Lele,Umbreon,Primal Groudon,Necrozma DM,Mega-Salamence,Mega Kangaskhan,Tapu Lele,Umbreon
2019,https://www.vgcpedia.com/2019-pokemon-world-championships/,Table 2,Masters,3,James BaekğŸ‡ºğŸ‡¸,,â€“,,,Kyogre,Xerneas,Incineroar,Kartana,Amoonguss,Tornadus,Primal Kyogre,Xerneas,Incineroar,Kartana,Amoonguss,Tornadus
2019,https://www.vgcpedia.com/2019-pokemon-world-championships/,Table 2,Masters,6,Ãlex GÃ³mezğŸ‡ªğŸ‡¸,,â€“,,,Kyogre,Rayquaza,Tapu Koko,Incineroar,Kartana,Nihilego,Primal Kyogre,Mega-Rayquaza,Tapu Koko,Incineroar,Kartana,Nihilego
2019,https://www.vgcpedia.com/2019-pokemon-world-championships/,Table 2,Masters,7,Eric RiosğŸ‡ªğŸ‡¸,,â€“,,,Kyogre,Rayquaza,Tapu Koko,Incineroar,Kartana,Nihilego,Primal Kyogre,Mega-Rayquaza,Tapu Koko,Incineroar,Kartana,Nihilego
2019,https://www.vgcpedia.com/2019-pokemon-world-championships/,Table 2,Masters,8,Stephen MeağŸ‡ºğŸ‡¸,,â€“,,,Kyogre,Xerneas,Kangaskhan,Incineroar,Amoonguss,Tornadus,Primal Kyogre,Xerneas,Mega Kangaskhan,Incineroar,Amoonguss,Tornadus
2022,https://www.vgcpedia.com/2022-pokemon-world-championships/,Table 1,Junior/Senior,1,Kosaku Miyamoto ğŸ‡¯ğŸ‡µ,,4-2,,,Zacian,Calyrex,Blastoise,Whimsicott,Amoonguss,Landorus,Zacian,Calyrex Shadow,Blastoise,Whimsicott,Amoonguss,Landorus
2022,https://www.vgcpedia.com/2022-pokemon-world-championships/,Table 1,Junior/Senior,1,Yasuharu Shimizu ğŸ‡¯ğŸ‡µ,,5-1,,,Zacian,Groudon,Incineroar,Venusaur,Bronzong,Thundurus,Zacian,Groudon,Incineroar,Venusaur,Bronzong,Thundurus
2022,https://www.vgcpedia.com/2022-pokemon-world-championships/,Table 1,Junior/Senior,2,Kiara Nguyen ğŸ‡¦ğŸ‡º,,4-2,,,Zacian,Kyogre,Incineroar,Kartana,Amoonguss,Tornadus,Zacian,Kyogre,Incineroar,Kartana,Amoonguss,Tornadus
2022,https://www.vgcpedia.com/2022-pokemon-world-championships/,Table 1,Junior/Senior,2,Nicholas Kan ğŸ‡¦ğŸ‡º,,6-0,,,Zacian,Kyogre,Shedinja,Whimsicott,Kartana,Thundurus,Zacian,Kyogre,Shedinja,Whimsicott,Kartana,Thundurus
2022,https://www.vgcpedia.com/2022-pokemon-world-championships/,Table 1,Junior/Senior,3,Kylan Van Severen ğŸ‡¨ğŸ‡¦,,5-1,,,Calyrex,Groudon,Incineroar,Charizard,Gastrodon,Thundurus,Calyrex Shadow,Groudon,Incineroar,Charizard,Gastrodon East,Thundurus
2022,https://www.vgcpedia.com/2022-pokemon-world-championships/,Table 1,Junior/Senior,3,Mikoto Inaishi ğŸ‡¯ğŸ‡µ,,5-1,,,Solgaleo,Kyogre,Rillaboom,Grimmsnarl,Thundurus,Regieleki,Solgaleo,Kyogre,rillaboom,grimmsnarl,Thundurus,Regieleki
2022,https://www.vgcpedia.com/2022-pokemon-world-championships/,Table 1,Junior/Senior,4,Hatsuki Fujiwara ğŸ‡¯ğŸ‡µ,,5-1,,,Kyogre,Groudon,Whimsicott,Venusaur,Porygon2,Zapdos,Kyogre,Groudon,Whimsicott,Venusaur,Porygon 2,Zapdos
2022,https://www.vgcpedia.com/2022-pokemon-world-championships/,Table 1,Junior/Senior,4,Yuma Suzuki ğŸ‡¯ğŸ‡µ,,5-1,,,Calyrex,Groudon,Incineroar,Venusaur,Porygon2,Regieleki,Calyrex Ice,Groudon,Incineroar,Venusaur,Porygon 2,Regieleki
2022,https://www.vgcpedia.com/2022-pokemon-world-championships/,Table 1,Junior/Senior,5,AurÃ©lien Soula ğŸ‡«ğŸ‡·,,5-1,,,Zacian,Groudon,Incineroar,Charizard,Gastrodon,Grimmsnarl,Zacian,Groudon,Incineroar,Charizard,Gastrodon East,grimmsnarl
2022,https://www.vgcpedia.com/2022-pokemon-world-championships/,Table 1,Junior/Senior,6,Hayato Hasegawa ğŸ‡¯ğŸ‡µ,,4-2,,,Zacian,Calyrex,Incineroar,Landorus,Thundurus,Regieleki,Zacian,Calyrex Shadow,Incineroar,Landorus,Thundurus,Regieleki
2022,https://www.vgcpedia.com/2022-pokemon-world-championships/,Table 1,Junior/Senior,7,Thomas Dowling ğŸ‡®ğŸ‡ª,,4-2,,,Zacian,Kyogre,Whimsicott,Charizard,Amoonguss,Thundurus,Zacian,Kyogre,Whimsicott,Charizard,Amoonguss,Thundurus
2022,https://www.vgcpedia.com/2022-pokemon-world-championships/,Table 1,Junior/Senior,8,Ryosei Ishikawa ğŸ‡¯ğŸ‡µ,,4-2,,,Zacian,Kyogre,Landorus,Amoonguss,Regieleki,Grimmsnarl,Zacian,Kyogre,Landorus,Amoonguss,Regieleki,grimmsnarl
2022,https://www.vgcpedia.com/2022-pokemon-world-championships/,Table 2,Masters,1,Eduardo Cunha ğŸ‡µğŸ‡¹,,7-0,,,Zacian,Calyrex,Incineroar,Gastrodon,Rillaboom,Thundurus,Zacian,Calyrex Shadow,Incineroar,Gastrodon East,rillaboom,Thundurus
2022,https://www.vgcpedia.com/2022-pokemon-world-championships/,Table 2,Masters,2,Guillermo Castilla ğŸ‡ªğŸ‡¸,,6-1,,,Groudon,Lunala,Incineroar,Charizard,Grimmsnarl,Regieleki,Groudon,Lunala,Incineroar,Charizard,grimmsnarl,Regieleki
2022,https://www.vgcpedia.com/2022-pokemon-world-championships/,Table 2,Masters,3,James Baek ğŸ‡ºğŸ‡¸,,6-1,,,Zacian,Kyogre,Incineroar,Rillaboom,Indeedee,Tornadus,Zacian,Kyogre,Incineroar,rillaboom,Indeedee,Tornadus
2022,https://www.vgcpedia.com/2022-pokemon-world-championships/,Table 2,Masters,4,Paul Chua ğŸ‡ºğŸ‡¸,,5-2,,,Calyrex,Palkia,Incineroar,Amoonguss,Porygon2,Regieleki,Calyrex Ice,Palkia,Incineroar,Amoonguss,Porygon 2,Regieleki
2022,https://www.vgcpedia.com/2022-pokemon-world-championships/,Table 2,Masters,5,Calvin Foster ğŸ‡¬ğŸ‡§,,5-2,,,Zacian,Calyrex,Incineroar,Gastrodon,Whimsicott,Thundurus,Zacian,Calyrex Shadow,Incineroar,Gastrodon East,Whimsicott,Thundurus
2022,https://www.vgcpedia.com/2022-pokemon-world-championships/,Table 2,Masters,6,Meaghan Rattle ğŸ‡¦ğŸ‡º,,5-2,,,Zacian,Kyogre,Celesteela,Grimmsnarl,Landorus,Thundurus,Zacian,Kyogre,Celesteela,grimmsnarl,Landorus,Thundurus
2022,https://www.vgcpedia.com/2022-pokemon-world-championships/,Table 2,Masters,7,Davide Carrer ğŸ‡®ğŸ‡¹,,5-2,,,Zacian,Groudon,Incineroar,Charizard,Gastrodon,Grimmsnarl,Zacian,Groudon,Incineroar,Charizard,Gastrodon East,grimmsnarl
2022,https://www.vgcpedia.com/2022-pokemon-world-championships/ ,Table 2,Masters,8,Naoto Mizobuchi ğŸ‡¯ğŸ‡µ,,5-2,,,Groudon,Lunala,Incineroar,Charizard,Gastrodon,Grimmsnarl,Groudon swsh,Lunala swsh,Incineroar SwSh,Charizard swsh,Gastrodon East SwSh,grimmsnarl swsh
2023,https://victoryroadvgc.com/2023-worlds/,Table 2,Masters,1,Shohei Kimura(ãƒŠãƒ³ã‚¹),JPN,5-2,"$10,000 + 2024Â Worlds",,Flutter Mane,Urshifu,Amoonguss,Iron Hands,Chien-Pao,Landorus,Flutter Mane,Urshifu Rapid,Amoonguss,Iron Hands,Chien Pao,Landorus Therian
2023,https://victoryroadvgc.com/2023-worlds/,Table 2,Masters,2,Michael Kelsch(Michi),DEU,6-1,"$7,500 + 2024Â Worlds",,Dragapult,Urshifu,Rillaboom,Heatran,Chien-Pao,Farigiraf,Dragapult,Urshifu Rapid,Rillaboom,Heatran,Chien Pao,Farigiraf
2023,https://victoryroadvgc.com/2023-worlds/,Table 2,Masters,3,Mao Harada(ã‚·ã‚º),JPN,5-2,"$5,000 + 2024Â Worlds",,Flutter Mane,Urshifu,Amoonguss,Iron Hands,Chien-Pao,Landorus,Flutter Mane,Urshifu Rapid,Amoonguss,Iron Hands,Chien Pao,Landorus Therian
2023,https://victoryroadvgc.com/2023-worlds/,Table 2,Masters,4,Federico Camporesi(FedeCampoVGC),ITA,5-2,"$5,000 + 2024Â Worlds",,Flutter Mane,Urshifu,Dragonite,Iron Hands,Cresselia,Ursaluna,Flutter Mane,Urshifu Single,Dragonite,Iron Hands,Cresselia,Ursaluna
2023,https://victoryroadvgc.com/2023-worlds/,Table 2,Masters,5,Abdullah Mohayyuddin(sempra),CAN,5-2,"$3,000",,Gholdengo,Urshifu,Amoonguss,Iron Hands,Chien-Pao,Pelipper,Gholdengo,Urshifu Rapid,Amoonguss,Iron Hands,Chien Pao,Pelipper
2023,https://victoryroadvgc.com/2023-worlds/,Table 2,Masters,6,VÃ­ctor Medina(Torviv),ESP,5-2,"$3,000",,Flutter Mane,Urshifu,Rillaboom,Heatran,Chien-Pao,Tornadus,Flutter Mane,Urshifu Rapid,Rillaboom,Heatran,Chien Pao,Tornadus Incarnate
2023,https://victoryroadvgc.com/2023-worlds/,Table 2,Masters,7,NikolajÂ HÃ¸j Nielsen(Nikolaj_H),DNK,5-2,"$3,000",,Flutter Mane,Urshifu,Dragonite,Iron Hands,Cresselia,Ursaluna,Flutter Mane,Urshifu Single,Dragonite,Iron Hands,Cresselia,Ursaluna
2023,https://victoryroadvgc.com/2023-worlds/,Table 2,Masters,8,Mattie Morgan(Mattie),IRL,5-2,"$3,000",,Flutter Mane,Urshifu,Rillaboom,Gholdengo,Landorus,Tornadus,Flutter Mane,Urshifu Rapid,Rillaboom,Gholdengo,Landorus Therian,Tornadus Incarnate
2023,https://victoryroadvgc.com/2023-worlds/,Table 4,Senior,1,Tomoya O.,JPN,6-1,"$10,000 + 2024Â Worlds",,Sylveon,Urshifu,Rillaboom,Arcanine,Gastrodon,Zapdos,Sylveon,Urshifu Single,Rillaboom,Arcanine Hisui,Gastrodon East,Zapdos
2023,https://victoryroadvgc.com/2023-worlds/,Table 4,Senior,2,Robbie S.,NLD,5-2,"$7,500 + 2024Â Worlds",,Flutter Mane,Urshifu,Amoonguss,Heatran,Tornadus,Landorus,Flutter Mane,Urshifu Rapid,Amoonguss,Heatran,Tornadus Incarnate,Landorus Therian
2023,https://victoryroadvgc.com/2023-worlds/,Table 4,Senior,3,Yuta O.,JPN,5-2,"$5,000 + 2024Â Worlds",,Gholdengo,Urshifu,Rillaboom,Mimikyu,Tornadus,Regidrago,Gholdengo,Urshifu Rapid,Rillaboom,Mimikyu,Tornadus Incarnate,Regidrago
2023,https://victoryroadvgc.com/2023-worlds/,Table 4,Senior,4,Yuta K.,JPN,5-2,"$5,000 + 2024Â Worlds",,Flutter Mane,Urshifu,Rillaboom,Heatran,Tornadus,Landorus,Flutter Mane,Urshifu Single,Rillaboom,Heatran,Tornadus Incarnate,Landorus Therian
2023,https://victoryroadvgc.com/2023-worlds/,Table 4,Senior,5,Sali R.,ITA,6-1,"$3,000",,Flutter Mane,Urshifu,Chi-Yu,Iron Hands,Tornadus,Landorus,Flutter Mane,Urshifu Single,Chi Yu,Iron Hands,Tornadus Incarnate,Landorus Therian
2023,https://victoryroadvgc.com/2023-worlds/,Table 4,Senior,6,Tomoya Z.,JPN,5-2,"$3,000",,Flutter Mane,Urshifu,Rillaboom,Arcanine,Tornadus,Chien-Pao,Flutter Mane,Urshifu Rapid,Rillaboom,Arcanine Hisui,Tornadus Incarnate,Chien Pao
2023,https://victoryroadvgc.com/2023-worlds/,Table 4,Senior,7,Aidan P.,USA,5-2,"$3,000",,Thundurus,Urshifu,Scizor,Dragonite,Talonflame,Chien-Pao,Thundurus Incarnate,Urshifu Rapid,Scizor,Dragonite,Talonflame,Chien Pao
2023,https://victoryroadvgc.com/2023-worlds/,Table 4,Senior,8,Teddy F.,GBR,5-2,"$3,000",,Gholdengo,Urshifu,Rillaboom,Farigiraf,Tornadus,Regidrago,Gholdengo,Urshifu Rapid,Rillaboom,Farigiraf,Tornadus Incarnate,Regidrago
2023,https://victoryroadvgc.com/2023-worlds/,Table 5,Junior,1,Sora E.,JPN,5-2,"$10,000 + 2024Â Worlds",,Flutter Mane,Urshifu,Amoonguss,Heatran,Dragonite,Tornadus,Flutter Mane,Urshifu Single,Amoonguss,Heatran,Dragonite,Tornadus Incarnate
2023,https://victoryroadvgc.com/2023-worlds/,Table 5,Junior,2,Kohei U.,JPN,5-2,"$7,500 + 2024Â Worlds",,Flutter Mane,Urshifu,Amoonguss,Iron Hands,Chien-Pao,Tornadus,Flutter Mane,Urshifu Rapid,Amoonguss,Iron Hands,Chien Pao,Tornadus Incarnate
2023,https://victoryroadvgc.com/2023-worlds/,Table 5,Junior,3,PietroÂ N. K.,ITA,5-2,"$5,000 + 2024Â Worlds",,Gholdengo,Urshifu,Rillaboom,Mimikyu,Regidrago,Tornadus,Gholdengo,Urshifu Rapid,Rillaboom,Mimikyu,Regidrago,Tornadus Incarnate
2023,https://victoryroadvgc.com/2023-worlds/,Table 5,Junior,4,Wataru K.,JPN,5-2,"$5,000 + 2024Â Worlds",,Tornadus,Urshifu,Scizor,Iron Hands,Cresselia,Ursaluna,Tornadus Incarnate,Urshifu Single,Scizor,Iron Hands,Cresselia,Ursaluna
2023,https://victoryroadvgc.com/2023-worlds/,Table 5,Junior,5,Shunsei K.,JPN,6-1,"$3,000",,Flutter Mane,Iron Bundle,Amoonguss,Iron Hands,Cresselia,Ursaluna,Flutter Mane,Iron Bundle,Amoonguss,Iron Hands,Cresselia,Ursaluna
2023,https://victoryroadvgc.com/2023-worlds/,Table 5,Junior,6,Minato K.,JPN,5-2,"$3,000",,Tornadus,Urshifu,Heatran,Iron Hands,Cresselia,Ursaluna,Tornadus Incarnate,Urshifu Single,Heatran,Iron Hands,Cresselia,Ursaluna
2023,https://victoryroadvgc.com/2023-worlds/,Table 5,Junior,7,Kanata S.,JPN,5-2,"$3,000",,Flutter Mane,Scream Tail,Glimmora,Ditto,Tatsugiri,Dondozo,Flutter Mane,Scream Tail,Glimmora,Ditto,Tatsugiri Curly,Dondozo
2023,https://victoryroadvgc.com/2023-worlds/,Table 5,Junior,8,Leland S.,USA,5-2,"$3,000",,Flutter Mane,Urshifu,Rillaboom,Heatran,Gholdengo,Tornadus,Flutter Mane,Urshifu Rapid,Rillaboom,Heatran,Gholdengo,Tornadus Incarnate